{
  "best_avg_mae": 0.5983097195625305,
  "final_val_metrics": {
    "adaptive_mae": 0.64920437506267,
    "adaptive_rmse": 0.8653818331243549,
    "adaptive_corr": 0.5728809237480164,
    "adaptive_acc_1": 0.7714285714285715,
    "maladaptive_mae": 0.7171753253255572,
    "maladaptive_rmse": 0.9624881552380085,
    "maladaptive_corr": 0.788300096988678,
    "maladaptive_acc_1": 0.7
  }
}